chapter1-7-1

書籍情報テーブル（books)から価格が2500〜3000円の範囲の書籍情報を価格が安い順から取り出して見ましょう
なお、取り出す列はtitle,price列とする

workbook=# select * from books;
       isbn        |      title       | price |   publish    | publish_date | category_id
-------------------+------------------+-------+--------------+--------------+-------------
 4-0010-0000-0     | ハムスターの観察 |   900 | 山田出版     | 2010-11-01   | Z9999
 4-7981-0959-2     | PEAR入門         |  3000 | 翔泳社       | 2012-09-08   | P1111
 4-7980-0945-8     | PHP5サンプル集   |  3000 | 秀和システム | 2012-11-01   | P1111
 4-8833-0000-1     | SQLリファレンス  |  2500 | 日経BP       | 2013-02-15   | S2222
 4-0010-0000-4     | フェレットの観察 |  1000 | 山田出版     | 2012-10-26   | Z9999
 4-7981-0722-0     | XML辞典          |  3300 | 翔泳社       | 2011-09-16   | X3333
 4-7980-0522-3     | JSPリファレンス  |  1800 | 秀和システム | 2010-04-19   | J4444
 4-8833-0000-2     | SQLプチブック    |  1600 | 日経BP       | 2010-11-30   | S2222
 4-8833-0000-3     | XMLリファレンス  |  3200 | 日経BP       | 2012-11-24   | X3333
 4-0010-0000-9     | SQL入門          |  5500 | 山田出版     | 2012-10-30   | S2222
 4-0010-0000-1     | PHPドリル        |  5100 | 山田出版     | 2013-01-14   | P1111
 4-0010-0000-5     | らくだの観察日記 |  1100 | 山田出版     | 2012-12-24   | Z9999
 4-0010-0000-6     | あひるの観察日記 |   700 | 山田出版     | 2012-11-15   | A9999
 4-0010-0000-7     | かえるの観察日記 |   800 | 山田出版     | 2013-01-15   | H9999
(14 rows)

workbook=# select title,price from books where price BETWEEN 2500 AND 3000 ORDER BY price ASC;
      title      | price
-----------------+-------
 SQLリファレンス |  2500
 PEAR入門        |  3000
 PHP5サンプル集  |  3000
(3 rows)

workbook=#